{
  "hash": "c95db6a5",
  "configHash": "fe3b17e3",
  "lockfileHash": "0e5cee52",
  "browserHash": "599af7ac",
  "optimized": {
    "@angular/common": {
      "src": "../../../../../node_modules/@angular/common/fesm2022/common.mjs",
      "file": "@angular_common.js",
      "fileHash": "2a57bdc7",
      "needsInterop": false
    },
    "@angular/common/http": {
      "src": "../../../../../node_modules/@angular/common/fesm2022/http.mjs",
      "file": "@angular_common_http.js",
      "fileHash": "b63ea3b8",
      "needsInterop": false
    },
    "@angular/core": {
      "src": "../../../../../node_modules/@angular/core/fesm2022/core.mjs",
      "file": "@angular_core.js",
      "fileHash": "27a43486",
      "needsInterop": false
    },
    "@angular/forms": {
      "src": "../../../../../node_modules/@angular/forms/fesm2022/forms.mjs",
      "file": "@angular_forms.js",
      "fileHash": "495dcce0",
      "needsInterop": false
    },
    "@angular/platform-browser": {
      "src": "../../../../../node_modules/@angular/platform-browser/fesm2022/platform-browser.mjs",
      "file": "@angular_platform-browser.js",
      "fileHash": "5777f405",
      "needsInterop": false
    },
    "@angular/router": {
      "src": "../../../../../node_modules/@angular/router/fesm2022/router.mjs",
      "file": "@angular_router.js",
      "fileHash": "c94b590b",
      "needsInterop": false
    },
    "@ng-bootstrap/ng-bootstrap": {
      "src": "../../../../../node_modules/@ng-bootstrap/ng-bootstrap/fesm2022/ng-bootstrap.mjs",
      "file": "@ng-bootstrap_ng-bootstrap.js",
      "fileHash": "42d35961",
      "needsInterop": false
    },
    "ngx-pagination": {
      "src": "../../../../../node_modules/ngx-pagination/fesm2020/ngx-pagination.mjs",
      "file": "ngx-pagination.js",
      "fileHash": "e1dfefe1",
      "needsInterop": false
    },
    "rxjs": {
      "src": "../../../../../node_modules/rxjs/dist/esm5/index.js",
      "file": "rxjs.js",
      "fileHash": "c2309db4",
      "needsInterop": false
    }
  },
  "chunks": {
    "chunk-AHDKDJTC": {
      "file": "chunk-AHDKDJTC.js"
    },
    "chunk-MH63QHRW": {
      "file": "chunk-MH63QHRW.js"
    },
    "chunk-WRKNAZQI": {
      "file": "chunk-WRKNAZQI.js"
    },
    "chunk-XLSINCXO": {
      "file": "chunk-XLSINCXO.js"
    },
    "chunk-YFXVGDDX": {
      "file": "chunk-YFXVGDDX.js"
    },
    "chunk-W7WAD56I": {
      "file": "chunk-W7WAD56I.js"
    }
  }
}